INSERT INTO Izlagac (IzlagacID, imeIzlagaca, kompanija, Email, Telefon) VALUES
(1, 'Kawaii Crafts', 'Yui Hirasawa', 'yui@kawaiicrafts.com', '123-456-7890'),
(2, 'Manga Haven', 'Takashi Yamamoto', 'takashi@mangahaven.jp', '098-765-4321'),
(3, 'Anime Apparel', 'Aiko Tanaka', 'aiko@animeapparel.com', '234-567-8901'),
(4, 'Otaku Toys', 'Ryoichi Sato', 'ryoichi@otakutoys.jp', '876-543-2109'),
(5, 'Artisan Alley', 'Hikaru Shindo', 'hikaru@artisanalley.com', '345-678-9012'),
(6, 'Cosplay Central', 'Mikasa Ackerman', 'mikasa@cosplaycentral.jp', '765-432-1098'),
(7, 'Doujinshi Delight', 'Erika Honda', 'erika@doujinshidelight.com', '456-789-0123'),
(8, 'J-Pop Universe', 'Haruto Takahashi', 'haruto@jpopuniverse.jp', '654-321-0987'),
(9, 'Anime Posters', 'Nanami Kento', 'nanami@animeposters.com', '567-890-1234'),
(10, 'Nostalgia Nook', 'Sakura Haruno', 'sakura@nostalgianook.jp', '543-210-9876'),
(11, 'Chibi Charms', 'Shinobu Kocho', 'shinobu@chibicharms.com', '678-901-2345'),
(12, 'Anime DVD Bazaar', 'Izuku Midoriya', 'izuku@animedvdbazaar.jp', '432-109-8765'),
(13, 'Gacha World', 'Makoto Naegi', 'makoto@gachaworld.com', '789-012-3456'),
(14, 'Anime Stationery', 'Hinata Hyuga', 'hinata@animestationery.jp', '321-098-7654'),
(15, 'K-Pop Kulture', 'Jin Kim', 'jin@kpopkulture.kr', '890-123-4567'),
(16, 'Gaming Corner', 'Yusuke Kitagawa', 'yusuke@gamingcorner.com', '210-987-6543'),
(17, 'Voice Actor Booth', 'Asuna Yuuki', 'asuna@voiceactorbooth.jp', '901-234-5678'),
(18, 'Anime Jewelry', 'Satoru Gojo', 'satoru@animejewelry.com', '098-765-4321'),
(19, 'Graphic Novels', 'Sasuke Uchiha', 'sasuke@graphicnovels.jp', '567-890-1234'),
(20, 'Fantasy Figures', 'Tatsumaki Esper', 'tatsumaki@fantasyfigures.com', '876-543-2109'),
(21, 'Anime Plushies', 'Chihiro Fujisaki', 'chihiro@animeplushies.jp', '234-567-8901'),
(22, 'Cosplay Photo Ops', 'Levi Ackerman', 'levi@cosplayphotoops.com', '345-678-9012'),
(23, 'Anime Accessories', 'Rika Furude', 'rika@animeaccessories.jp', '765-432-1098'),
(24, 'Fan Art Gallery', 'Yuri Nakamura', 'yuri@fanartgallery.com', '456-789-0123'),
(25, 'Light Novel Corner', 'Kazuma Satou', 'kazuma@lightnovelcorner.jp', '654-321-0987'),
(26, 'Otaku Merchandise', 'Haruhi Suzumiya', 'haruhi@otakumerchandise.com', '567-890-1234'),
(27, 'Anime Puzzles', 'Tsubasa Ozora', 'tsubasa@animepuzzles.jp', '543-210-9876'),
(28, 'Fan Club Booth', 'Lelouch Lamperouge', 'lelouch@fanclubbooth.com', '678-901-2345'),
(29, 'Anime Snacks', 'Ryuko Matoi', 'ryuko@animesnacks.jp', '432-109-8765'),
(30, 'Culture Corner', 'Kenshin Himura', 'kenshin@culturecorner.com', '789-012-3456'),
(31, 'Retro Anime', 'Joseph Joestar', 'joseph@retroanime.jp', '321-098-7654'),
(32, 'Anime Prints', 'Emilia Tan', 'emilia@animeprints.com', '890-123-4567'),
(33, 'Cosplay Repairs', 'Kurisu Makise', 'kurisu@cosplayrepairs.jp', '210-987-6543'),
(34, 'Limited Edition', 'Yato God', 'yato@limitededition.com', '901-234-5678'),
(35, 'Anime Furniture', 'Nana Osaki', 'nana@animefurniture.jp', '098-765-4321'),
(36, 'Doujin Art', 'Mio Akiyama', 'mio@doujinart.com', '567-890-1234'),
(37, 'Anime Tech', 'Kaito Shion', 'kaito@animetech.jp', '876-543-2109'),
(38, 'Fan Meetups', 'Nagisa Furukawa', 'nagisa@fanmeetups.com', '234-567-8901'),
(39, 'Webtoon World', 'Sung Jin-Woo', 'sung@webtoonworld.kr', '345-678-9012'),
(40, 'Anime Zines', 'Natsuki Subaru', 'natsuki@animezines.jp', '765-432-1098'),
(41, 'Anime Home Decor', 'Rem Ainz', 'rem@animehomedecor.com', '456-789-0123'),
(42, 'Fan Fiction Central', 'Light Yagami', 'light@fanfictioncentral.jp', '654-321-0987'),
(43, 'Collector’s Haven', 'Edward Elric', 'edward@collectorshaven.com', '567-890-1234'),
(44, 'Anime Con Merch', 'Guts Berserk', 'guts@animeconmerch.jp', '543-210-9876'),
(45, 'Anime Soundtracks', 'Yu Narukami', 'yu@animesoundtracks.com', '678-901-2345'),
(46, 'Import Goods', 'Kokichi Ouma', 'kokichi@importgoods.jp', '432-109-8765'),
(47, 'Anime DIY', 'Yuno Gasai', 'yuno@animediy.com', '789-012-3456'),
(48, 'Interactive Booths', 'Sakura Kinomoto', 'sakura@interactivebooths.jp', '321-098-7654'),
(49, 'Art Supplies', 'Rei Ayanami', 'rei@artsupplies.com', '890-123-4567'),
(50, 'Anime Journals', 'Tomoya Okazaki', 'tomoya@animejournals.jp', '210-987-6543');
INSERT INTO Stand (StandID, ProstorStandID, IzlagacID, ImeStanda, DetaljiStanda) VALUES
(1, 157, 1, 'Kawaii Crafts', 'Handmade anime-inspired crafts and accessories'),
(2, 221, 2, 'Manga Haven', 'Wide selection of manga from classic to latest releases'),
(3, 46, 3, 'Anime Apparel', 'Anime-themed clothing and cosplay items'),
(4, 77, 4, 'Otaku Toys', 'Figurines, action figures, and collectibles'),
(5, 130, 5, 'Artisan Alley', 'Independent artists selling anime prints and artwork'),
(6, 181, 6, 'Cosplay Central', 'Cosplay materials, tutorials, and accessories'),
(7, 69, 7, 'Doujinshi Delight', 'Self-published manga and fan fiction'),
(8, 20, 8, 'J-Pop Universe', 'J-Pop and anime music CDs and merchandise'),
(9, 200, 9, 'Anime Posters', 'Posters and wall scrolls of popular anime'),
(10, 193, 10, 'Nostalgia Nook', 'Vintage anime merchandise and collectibles'),
(11, 67, 11, 'Chibi Charms', 'Chibi-style charms and keychains'),
(12, 139, 12, 'Anime DVD Bazaar', 'DVDs and Blu-rays of classic and new anime series'),
(13, 16, 13, 'Gacha World', 'Gachapon machines with various anime prizes'),
(14, 33, 14, 'Anime Stationery', 'Notebooks, pens, and other stationery with anime designs'),
(15, 89, 15, 'K-Pop Kulture', 'K-Pop albums and merchandise alongside anime goods'),
(16, 9, 16, 'Gaming Corner', 'Video games and consoles related to anime'),
(17, 123, 17, 'Voice Actor Booth', 'Meet and greet with anime voice actors'),
(18, 137, 18, 'Anime Jewelry', 'Jewelry inspired by popular anime series'),
(19, 98, 19, 'Graphic Novels', 'Wide range of graphic novels and comic books'),
(20, 232, 20, 'Fantasy Figures', 'Figures from fantasy and adventure anime'),
(21, 169, 21, 'Anime Plushies', 'Plush toys of favorite anime characters'),
(22, 105, 22, 'Cosplay Photo Ops', 'Photo opportunities with professional cosplay photographers'),
(23, 148, 23, 'Anime Accessories', 'Bags, hats, and other accessories with anime themes'),
(24, 184, 24, 'Fan Art Gallery', 'Showcase of fan art from various anime fandoms'),
(25, 75, 25, 'Light Novel Corner', 'Light novels from different genres'),
(26, 52, 26, 'Otaku Merchandise', 'Various merchandise for the ultimate otaku'),
(27, 120, 27, 'Anime Puzzles', 'Jigsaw puzzles featuring anime scenes'),
(28, 177, 28, 'Fan Club Booth', 'Information and membership for various anime fan clubs'),
(29, 197, 29, 'Anime Snacks', 'Snacks and sweets featured in anime series'),
(30, 35, 30, 'Culture Corner', 'Cultural items and traditional goods from Japan'),
(31, 6, 31, 'Retro Anime', 'Merchandise from retro and classic anime series'),
(32, 11, 32, 'Anime Prints', 'High-quality prints and posters from top anime artists'),
(33, 220, 33, 'Cosplay Repairs', 'Emergency cosplay repair services and supplies'),
(34, 156, 34, 'Limited Edition', 'Limited edition and rare anime items'),
(35, 94, 35, 'Anime Furniture', 'Furniture pieces inspired by anime themes'),
(36, 229, 36, 'Doujin Art', 'Self-published art books and illustrations'),
(37, 144, 37, 'Anime Tech', 'Tech gadgets and accessories with anime designs'),
(38, 230, 38, 'Fan Meetups', 'Booth for organizing and planning fan meetups'),
(39, 95, 39, 'Webtoon World', 'Webtoons and digital comics merchandise'),
(40, 26, 40, 'Anime Zines', 'Zines and small press publications about anime'),
(41, 116, 41, 'Anime Home Decor', 'Home decor items with anime motifs'),
(42, 121, 42, 'Fan Fiction Central', 'Fan fiction books and writing resources'),
(43, 195, 43, 'Collector’s Haven', 'High-value collectibles and rare anime items'),
(44, 102, 44, 'Anime Con Merch', 'Official merchandise from various anime conventions'),
(45, 34, 45, 'Anime Soundtracks', 'Vinyl and CDs of anime soundtracks and scores'),
(46, 214, 46, 'Import Goods', 'Imported goods from Japan related to anime'),
(47, 71, 47, 'Anime DIY', 'DIY kits for creating anime-themed crafts'),
(48, 207, 48, 'Interactive Booths', 'Interactive experiences and activities related to anime'),
(49, 211, 49, 'Art Supplies', 'Supplies for creating anime art and crafts'),
(50, 106, 50, 'Anime Journals', 'Journals and planners with anime themes');
INSERT INTO Događaj (DogadajID, ImeDogađaja, DetaljiDogađaja, TipDoađaja, ZauzećeID, IzlagacID) VALUES
(1, 'Cosplay Contest', 'Show off your best cosplay in our contest!', 'Workshops/Panels', 203, 1),
(2, 'Anime Music Quiz', 'Test your knowledge of anime music and soundtracks.', 'Workshops/Panels', 64, 2),
(3, 'Manga Drawing Workshop', 'Learn how to draw manga from professional artists.', 'Workshops/Panels', 6, 3),
(4, 'Voice Acting Panel', 'Meet voice actors and learn about their craft.', 'Workshops/Panels', 123, 4),
(5, 'Anime Trivia', 'Compete in our trivia contest to prove your anime knowledge.', 'Workshops/Panels', 190, 5),
(6, 'Karaoke Night', 'Sing your favorite anime songs in our karaoke night.', 'Workshops/Panels', 105, 6),
(7, 'Japanese Culture Talk', 'Learn about Japanese culture and its influence on anime.', 'Workshops/Panels', 106, 7),
(8, 'AMV Contest', 'Submit and watch anime music videos.', 'Workshops/Panels', 155, 8),
(9, 'Anime Screening', 'Watch popular anime films and episodes.', 'Workshops/Panels', 169, 9),
(10, 'Cosplay Workshop', 'Learn how to make your own cosplay costumes.', 'Workshops/Panels', 200, 10),
(11, 'J-Pop Dance Workshop', 'Learn dance moves from popular J-Pop songs.', 'Workshops/Panels', 81, 11),
(12, 'Anime Merchandise Auction', 'Bid on rare and exclusive anime merchandise.', 'Workshops/Panels', 186, 12),
(13, 'Light Novel Reading', 'Listen to readings from popular light novels.', 'Workshops/Panels', 108, 13),
(14, 'Doujinshi Panel', 'Explore the world of self-published manga.', 'Workshops/Panels', 213, 14),
(15, 'Figure Photography Workshop', 'Learn how to photograph your anime figures.', 'Workshops/Panels', 124, 15),
(16, 'Anime Debate', 'Debate your favorite anime topics with other fans.', 'Workshops/Panels', 16, 16),
(17, 'Character Design Workshop', 'Create your own anime characters.', 'Workshops/Panels', 101, 17),
(18, 'Anime Music Concert', 'Enjoy live performances of anime music.', 'Workshops/Panels', 20, 18),
(19, 'Gaming Tournament', 'Compete in tournaments for popular anime-related games.', 'Workshops/Panels', 93, 19),
(20, 'Japanese Language Class', 'Learn basic Japanese language skills.', 'Workshops/Panels', 156, 20),
(21, 'Anime Cooking Class', 'Learn to cook dishes from your favorite anime.', 'Workshops/Panels', 55, 21),
(22, 'Anime Makeup Tutorial', 'Learn how to do makeup for your cosplay.', 'Workshops/Panels', 67, 22),
(23, 'Manga Panel Discussion', 'Discuss your favorite manga with other fans.', 'Workshops/Panels', 47, 23),
(24, 'Anime Craft Workshop', 'Create anime-inspired crafts.', 'Workshops/Panels', 84, 24),
(25, 'Voice Acting Workshop', 'Try your hand at voice acting.', 'Workshops/Panels', 206, 25),
(26, 'Anime Fashion Show', 'Showcase your anime-inspired fashion.', 'Workshops/Panels', 10, 26),
(27, 'Collector’s Meetup', 'Meet other collectors and show off your collection.', 'Workshops/Panels', 225, 27),
(28, 'Anime Yoga', 'Join a yoga class with an anime twist.', 'Workshops/Panels', 114, 28),
(29, 'Fan Fiction Writing Workshop', 'Learn how to write compelling fan fiction.', 'Workshops/Panels', 128, 29),
(30, 'Anime History Panel', 'Learn about the history of anime.', 'Workshops/Panels', 121, 30),
(31, 'Art of Cosplay', 'Explore the artistry behind cosplay.', 'Workshops/Panels', 43, 31),
(32, 'Otaku Speed Dating', 'Meet other anime fans in a fun speed dating event.', 'Workshops/Panels', 184, 32),
(33, 'Anime Merchandise Market', 'Shop for anime merchandise from various vendors.', 'Workshops/Panels', 209, 33),
(34, 'Light Novel Panel', 'Discuss your favorite light novels.', 'Workshops/Panels', 197, 34),
(35, 'Anime Charades', 'Play charades with an anime twist.', 'Workshops/Panels', 226, 35),
(36, 'Drawing Competition', 'Compete in a drawing competition.', 'Workshops/Panels', 183, 36),
(37, 'Anime Podcast Live', 'Watch a live recording of an anime podcast.', 'Workshops/Panels', 57, 37),
(38, 'Fan Art Contest', 'Submit and vote on your favorite fan art.', 'Workshops/Panels', 216, 38),
(39, 'Anime Geography Quiz', 'Test your knowledge of locations in anime.', 'Workshops/Panels', 118, 39),
(40, 'Anime Voiceover Dubbing', 'Try dubbing your favorite anime scenes.', 'Workshops/Panels', 89, 40),
(41, 'Anime Opening Theme Quiz', 'Guess the anime from its opening theme.', 'Workshops/Panels', 125, 41),
(42, 'Manga Artist Meet & Greet', 'Meet manga artists and get your books signed.', 'Workshops/Panels', 239, 42),
(43, 'Anime Karaoke Competition', 'Compete in an anime karaoke competition.', 'Workshops/Panels', 223, 43),
(44, 'Anime Improv Show', 'Watch an improv show with an anime theme.', 'Workshops/Panels', 234, 44),
(45, 'Anime Music Video Showcase', 'Watch and discuss fan-made anime music videos.', 'Workshops/Panels', 46, 45),
(46, 'Anime Costume Parade', 'Join the parade and show off your cosplay.', 'Workshops/Panels', 188, 46),
(47, 'Fan Film Screening', 'Watch fan-made films and discuss.', 'Workshops/Panels', 11, 47),
(48, 'Anime Sketch Workshop', 'Learn sketching techniques for drawing anime.', 'Workshops/Panels', 58, 48),
(49, 'Anime Board Games', 'Play board games inspired by anime.', 'Workshops/Panels', 195, 49),
(50, 'Anime Pictionary', 'Draw and guess anime scenes in Pictionary.', 'Workshops/Panels', 198, 50);
UPDATE Zauzece SET Zauzeto = 1 WHERE ZauzeceID = 203;
UPDATE Zauzece SET Zauzeto = 1 WHERE ZauzeceID = 64;
UPDATE Zauzece SET Zauzeto = 1 WHERE ZauzeceID = 6;
UPDATE Zauzece SET Zauzeto = 1 WHERE ZauzeceID = 123;
UPDATE Zauzece SET Zauzeto = 1 WHERE ZauzeceID = 190;
UPDATE Zauzece SET Zauzeto = 1 WHERE ZauzeceID = 105;
UPDATE Zauzece SET Zauzeto = 1 WHERE ZauzeceID = 106;
UPDATE Zauzece SET Zauzeto = 1 WHERE ZauzeceID = 155;
UPDATE Zauzece SET Zauzeto = 1 WHERE ZauzeceID = 169;
UPDATE Zauzece SET Zauzeto = 1 WHERE ZauzeceID = 200;
UPDATE Zauzece SET Zauzeto = 1 WHERE ZauzeceID = 81;
UPDATE Zauzece SET Zauzeto = 1 WHERE ZauzeceID = 186;
UPDATE Zauzece SET Zauzeto = 1 WHERE ZauzeceID = 108;
UPDATE Zauzece SET Zauzeto = 1 WHERE ZauzeceID = 213;
UPDATE Zauzece SET Zauzeto = 1 WHERE ZauzeceID = 124;
UPDATE Zauzece SET Zauzeto = 1 WHERE ZauzeceID = 16;
UPDATE Zauzece SET Zauzeto = 1 WHERE ZauzeceID = 101;
UPDATE Zauzece SET Zauzeto = 1 WHERE ZauzeceID = 20;
UPDATE Zauzece SET Zauzeto = 1 WHERE ZauzeceID = 93;
UPDATE Zauzece SET Zauzeto = 1 WHERE ZauzeceID = 156;
UPDATE Zauzece SET Zauzeto = 1 WHERE ZauzeceID = 55;
UPDATE Zauzece SET Zauzeto = 1 WHERE ZauzeceID = 67;
UPDATE Zauzece SET Zauzeto = 1 WHERE ZauzeceID = 47;
UPDATE Zauzece SET Zauzeto = 1 WHERE ZauzeceID = 84;
UPDATE Zauzece SET Zauzeto = 1 WHERE ZauzeceID = 206;
UPDATE Zauzece SET Zauzeto = 1 WHERE ZauzeceID = 10;
UPDATE Zauzece SET Zauzeto = 1 WHERE ZauzeceID = 225;
UPDATE Zauzece SET Zauzeto = 1 WHERE ZauzeceID = 114;
UPDATE Zauzece SET Zauzeto = 1 WHERE ZauzeceID = 128;
UPDATE Zauzece SET Zauzeto = 1 WHERE ZauzeceID = 121;
UPDATE Zauzece SET Zauzeto = 1 WHERE ZauzeceID = 43;
UPDATE Zauzece SET Zauzeto = 1 WHERE ZauzeceID = 184;
UPDATE Zauzece SET Zauzeto = 1 WHERE ZauzeceID = 209;
UPDATE Zauzece SET Zauzeto = 1 WHERE ZauzeceID = 197;
UPDATE Zauzece SET Zauzeto = 1 WHERE ZauzeceID = 226;
UPDATE Zauzece SET Zauzeto = 1 WHERE ZauzeceID = 183;
UPDATE Zauzece SET Zauzeto = 1 WHERE ZauzeceID = 57;
UPDATE Zauzece SET Zauzeto = 1 WHERE ZauzeceID = 216;
UPDATE Zauzece SET Zauzeto = 1 WHERE ZauzeceID = 118;
UPDATE Zauzece SET Zauzeto = 1 WHERE ZauzeceID = 89;
UPDATE Zauzece SET Zauzeto = 1 WHERE ZauzeceID = 125;
UPDATE Zauzece SET Zauzeto = 1 WHERE ZauzeceID = 239;
UPDATE Zauzece SET Zauzeto = 1 WHERE ZauzeceID = 223;
UPDATE Zauzece SET Zauzeto = 1 WHERE ZauzeceID = 234;
UPDATE Zauzece SET Zauzeto = 1 WHERE ZauzeceID = 46;
UPDATE Zauzece SET Zauzeto = 1 WHERE ZauzeceID = 188;
UPDATE Zauzece SET Zauzeto = 1 WHERE ZauzeceID = 11;
UPDATE Zauzece SET Zauzeto = 1 WHERE ZauzeceID = 58;
UPDATE Zauzece SET Zauzeto = 1 WHERE ZauzeceID = 195;
UPDATE Zauzece SET Zauzeto = 1 WHERE ZauzeceID = 198;
UPDATE ProstorStand SET Zauzeto = 1 WHERE ProstorStandID IN (157, 221, 46, 77, 130, 181, 69, 20, 200, 193, 67, 139, 16, 33, 89, 9, 123, 137, 98, 232, 169, 105, 148, 184, 75, 52, 120, 177, 197, 35, 6, 11, 220, 156, 94, 229, 144, 230, 95, 26, 116, 121, 195, 102, 34, 214, 71, 207, 211, 106);
