INSERT INTO Termin (TerminID, Termin, CijenaTremina) VALUES
(1, '10:00 - 11:00', 100),
(2, '11:00 - 12:00', 150),
(3, '12:00 - 13:00', 200),
(4, '13:00 - 14:00', 250),
(5, '14:00 - 15:00', 300),
(6, '15:00 - 16:00', 300),
(7, '16:00 - 17:00', 250),
(8, '17:00 - 18:00', 200),
(9, '18:00 - 19:00', 150),
(10, '19:00 - 20:00', 100);
INSERT INTO Dvorana (DvoranaID, ImeDvorane) VALUES
(1, 'Paviljon 5'),
(2, 'Paviljon 6'),
(3, 'Paviljon 7'),
(4, 'Paviljon 8'),
(5, 'Paviljon 8a'),
(6, 'Paviljon 9'),
(7, 'Paviljon 11a'),
(8, 'Paviljon 11d');
INSERT INTO ProstorDogađaj (ProstorDogadajID, ImeProstora, CijenaProstora, DvoranaID) VALUES
(1, 'Pozornica 1', 200, 1),
(2, 'Pozornica 2', 200, 3),
(3, 'Pozornica 3', 200, 4),
(4, 'Stol 1', 100, 2),
(5, 'Stol 2', 100, 2),
(6, 'Stol 3', 100, 5),
(7, 'Dvorana A', 300, 7),
(8, 'Dvorana B', 300, 8);
INSERT INTO Zauzece (ZauzeceID, Zauzeto, Dan, TerminID, ProstorDogadajID) VALUES
(1, 0, '28-6-2024', 1, 1),
(2, 0, '28-6-2024', 2, 1),
(3, 0, '28-6-2024', 3, 1),
(4, 0, '28-6-2024', 4, 1),
(5, 0, '28-6-2024', 5, 1),
(6, 0, '28-6-2024', 6, 1),
(7, 0, '28-6-2024', 7, 1),
(8, 0, '28-6-2024', 8, 1),
(9, 0, '28-6-2024', 9, 1),
(10, 0, '28-6-2024', 10, 1),
(11, 0, '28-6-2024', 1, 2),
(12, 0, '28-6-2024', 2, 2),
(13, 0, '28-6-2024', 3, 2),
(14, 0, '28-6-2024', 4, 2),
(15, 0, '28-6-2024', 5, 2),
(16, 0, '28-6-2024', 6, 2),
(17, 0, '28-6-2024', 7, 2),
(18, 0, '28-6-2024', 8, 2),
(19, 0, '28-6-2024', 9, 2),
(20, 0, '28-6-2024', 10, 2),
(21, 0, '28-6-2024', 1, 3),
(22, 0, '28-6-2024', 2, 3),
(23, 0, '28-6-2024', 3, 3),
(24, 0, '28-6-2024', 4, 3),
(25, 0, '28-6-2024', 5, 3),
(26, 0, '28-6-2024', 6, 3),
(27, 0, '28-6-2024', 7, 3),
(28, 0, '28-6-2024', 8, 3),
(29, 0, '28-6-2024', 9, 3),
(30, 0, '28-6-2024', 10, 3),
(31, 0, '28-6-2024', 1, 4),
(32, 0, '28-6-2024', 2, 4),
(33, 0, '28-6-2024', 3, 4),
(34, 0, '28-6-2024', 4, 4),
(35, 0, '28-6-2024', 5, 4),
(36, 0, '28-6-2024', 6, 4),
(37, 0, '28-6-2024', 7, 4),
(38, 0, '28-6-2024', 8, 4),
(39, 0, '28-6-2024', 9, 4),
(40, 0, '28-6-2024', 10, 4),
(41, 0, '28-6-2024', 1, 5),
(42, 0, '28-6-2024', 2, 5),
(43, 0, '28-6-2024', 3, 5),
(44, 0, '28-6-2024', 4, 5),
(45, 0, '28-6-2024', 5, 5),
(46, 0, '28-6-2024', 6, 5),
(47, 0, '28-6-2024', 7, 5),
(48, 0, '28-6-2024', 8, 5),
(49, 0, '28-6-2024', 9, 5),
(50, 0, '28-6-2024', 10, 5),
(51, 0, '28-6-2024', 1, 6),
(52, 0, '28-6-2024', 2, 6),
(53, 0, '28-6-2024', 3, 6),
(54, 0, '28-6-2024', 4, 6),
(55, 0, '28-6-2024', 5, 6),
(56, 0, '28-6-2024', 6, 6),
(57, 0, '28-6-2024', 7, 6),
(58, 0, '28-6-2024', 8, 6),
(59, 0, '28-6-2024', 9, 6),
(60, 0, '28-6-2024', 10, 6),
(61, 0, '28-6-2024', 1, 7),
(62, 0, '28-6-2024', 2, 7),
(63, 0, '28-6-2024', 3, 7),
(64, 0, '28-6-2024', 4, 7),
(65, 0, '28-6-2024', 5, 7),
(66, 0, '28-6-2024', 6, 7),
(67, 0, '28-6-2024', 7, 7),
(68, 0, '28-6-2024', 8, 7),
(69, 0, '28-6-2024', 9, 7),
(70, 0, '28-6-2024', 10, 7),
(71, 0, '28-6-2024', 1, 8),
(72, 0, '28-6-2024', 2, 8),
(73, 0, '28-6-2024', 3, 8),
(74, 0, '28-6-2024', 4, 8),
(75, 0, '28-6-2024', 5, 8),
(76, 0, '28-6-2024', 6, 8),
(77, 0, '28-6-2024', 7, 8),
(78, 0, '28-6-2024', 8, 8),
(79, 0, '28-6-2024', 9, 8),
(80, 0, '28-6-2024', 10, 8),
(81, 0, '29-6-2024', 1, 1),
(82, 0, '29-6-2024', 2, 1),
(83, 0, '29-6-2024', 3, 1),
(84, 0, '29-6-2024', 4, 1),
(85, 0, '29-6-2024', 5, 1),
(86, 0, '29-6-2024', 6, 1),
(87, 0, '29-6-2024', 7, 1),
(88, 0, '29-6-2024', 8, 1),
(89, 0, '29-6-2024', 9, 1),
(90, 0, '29-6-2024', 10, 1),
(91, 0, '29-6-2024', 1, 2),
(92, 0, '29-6-2024', 2, 2),
(93, 0, '29-6-2024', 3, 2),
(94, 0, '29-6-2024', 4, 2),
(95, 0, '29-6-2024', 5, 2),
(96, 0, '29-6-2024', 6, 2),
(97, 0, '29-6-2024', 7, 2),
(98, 0, '29-6-2024', 8, 2),
(99, 0, '29-6-2024', 9, 2),
(100, 0, '29-6-2024', 10, 2),
(101, 0, '29-6-2024', 1, 3),
(102, 0, '29-6-2024', 2, 3),
(103, 0, '29-6-2024', 3, 3),
(104, 0, '29-6-2024', 4, 3),
(105, 0, '29-6-2024', 5, 3),
(106, 0, '29-6-2024', 6, 3),
(107, 0, '29-6-2024', 7, 3),
(108, 0, '29-6-2024', 8, 3),
(109, 0, '29-6-2024', 9, 3),
(110, 0, '29-6-2024', 10, 3),
(111, 0, '29-6-2024', 1, 4),
(112, 0, '29-6-2024', 2, 4),
(113, 0, '29-6-2024', 3, 4),
(114, 0, '29-6-2024', 4, 4),
(115, 0, '29-6-2024', 5, 4),
(116, 0, '29-6-2024', 6, 4),
(117, 0, '29-6-2024', 7, 4),
(118, 0, '29-6-2024', 8, 4),
(119, 0, '29-6-2024', 9, 4),
(120, 0, '29-6-2024', 10, 4),
(121, 0, '29-6-2024', 1, 5),
(122, 0, '29-6-2024', 2, 5),
(123, 0, '29-6-2024', 3, 5),
(124, 0, '29-6-2024', 4, 5),
(125, 0, '29-6-2024', 5, 5),
(126, 0, '29-6-2024', 6, 5),
(127, 0, '29-6-2024', 7, 5),
(128, 0, '29-6-2024', 8, 5),
(129, 0, '29-6-2024', 9, 5),
(130, 0, '29-6-2024', 10, 5),
(131, 0, '29-6-2024', 1, 6),
(132, 0, '29-6-2024', 2, 6),
(133, 0, '29-6-2024', 3, 6),
(134, 0, '29-6-2024', 4, 6),
(135, 0, '29-6-2024', 5, 6),
(136, 0, '29-6-2024', 6, 6),
(137, 0, '29-6-2024', 7, 6),
(138, 0, '29-6-2024', 8, 6),
(139, 0, '29-6-2024', 9, 6),
(140, 0, '29-6-2024', 10, 6),
(141, 0, '29-6-2024', 1, 7),
(142, 0, '29-6-2024', 2, 7),
(143, 0, '29-6-2024', 3, 7),
(144, 0, '29-6-2024', 4, 7),
(145, 0, '29-6-2024', 5, 7),
(146, 0, '29-6-2024', 6, 7),
(147, 0, '29-6-2024', 7, 7),
(148, 0, '29-6-2024', 8, 7),
(149, 0, '29-6-2024', 9, 7),
(150, 0, '29-6-2024', 10, 7),
(151, 0, '29-6-2024', 1, 8),
(152, 0, '29-6-2024', 2, 8),
(153, 0, '29-6-2024', 3, 8),
(154, 0, '29-6-2024', 4, 8),
(155, 0, '29-6-2024', 5, 8),
(156, 0, '29-6-2024', 6, 8),
(157, 0, '29-6-2024', 7, 8),
(158, 0, '29-6-2024', 8, 8),
(159, 0, '29-6-2024', 9, 8),
(160, 0, '29-6-2024', 10, 8),
(161, 0, '30-6-2024', 1, 1),
(162, 0, '30-6-2024', 2, 1),
(163, 0, '30-6-2024', 3, 1),
(164, 0, '30-6-2024', 4, 1),
(165, 0, '30-6-2024', 5, 1),
(166, 0, '30-6-2024', 6, 1),
(167, 0, '30-6-2024', 7, 1),
(168, 0, '30-6-2024', 8, 1),
(169, 0, '30-6-2024', 9, 1),
(170, 0, '30-6-2024', 10, 1),
(171, 0, '30-6-2024', 1, 2),
(172, 0, '30-6-2024', 2, 2),
(173, 0, '30-6-2024', 3, 2),
(174, 0, '30-6-2024', 4, 2),
(175, 0, '30-6-2024', 5, 2),
(176, 0, '30-6-2024', 6, 2),
(177, 0, '30-6-2024', 7, 2),
(178, 0, '30-6-2024', 8, 2),
(179, 0, '30-6-2024', 9, 2),
(180, 0, '30-6-2024', 10, 2),
(181, 0, '30-6-2024', 1, 3),
(182, 0, '30-6-2024', 2, 3),
(183, 0, '30-6-2024', 3, 3),
(184, 0, '30-6-2024', 4, 3),
(185, 0, '30-6-2024', 5, 3),
(186, 0, '30-6-2024', 6, 3),
(187, 0, '30-6-2024', 7, 3),
(188, 0, '30-6-2024', 8, 3),
(189, 0, '30-6-2024', 9, 3),
(190, 0, '30-6-2024', 10, 3),
(191, 0, '30-6-2024', 1, 4),
(192, 0, '30-6-2024', 2, 4),
(193, 0, '30-6-2024', 3, 4),
(194, 0, '30-6-2024', 4, 4),
(195, 0, '30-6-2024', 5, 4),
(196, 0, '30-6-2024', 6, 4),
(197, 0, '30-6-2024', 7, 4),
(198, 0, '30-6-2024', 8, 4),
(199, 0, '30-6-2024', 9, 4),
(200, 0, '30-6-2024', 10, 4),
(201, 0, '30-6-2024', 1, 5),
(202, 0, '30-6-2024', 2, 5),
(203, 0, '30-6-2024', 3, 5),
(204, 0, '30-6-2024', 4, 5),
(205, 0, '30-6-2024', 5, 5),
(206, 0, '30-6-2024', 6, 5),
(207, 0, '30-6-2024', 7, 5),
(208, 0, '30-6-2024', 8, 5),
(209, 0, '30-6-2024', 9, 5),
(210, 0, '30-6-2024', 10, 5),
(211, 0, '30-6-2024', 1, 6),
(212, 0, '30-6-2024', 2, 6),
(213, 0, '30-6-2024', 3, 6),
(214, 0, '30-6-2024', 4, 6),
(215, 0, '30-6-2024', 5, 6),
(216, 0, '30-6-2024', 6, 6),
(217, 0, '30-6-2024', 7, 6),
(218, 0, '30-6-2024', 8, 6),
(219, 0, '30-6-2024', 9, 6),
(220, 0, '30-6-2024', 10, 6),
(221, 0, '30-6-2024', 1, 7),
(222, 0, '28-6-2024', 2, 7),
(223, 0, '30-6-2024', 3, 7),
(224, 0, '30-6-2024', 4, 7),
(225, 0, '30-6-2024', 5, 7),
(226, 0, '30-6-2024', 6, 7),
(227, 0, '30-6-2024', 7, 7),
(228, 0, '30-6-2024', 8, 7),
(229, 0, '30-6-2024', 9, 7),
(230, 0, '30-6-2024', 10, 7),
(231, 0, '30-6-2024', 1, 8),
(232, 0, '30-6-2024', 2, 8),
(233, 0, '30-6-2024', 3, 8),
(234, 0, '30-6-2024', 4, 8),
(235, 0, '30-6-2024', 5, 8),
(236, 0, '30-6-2024', 6, 8),
(237, 0, '30-6-2024', 7, 8),
(238, 0, '30-6-2024', 8, 8),
(239, 0, '30-6-2024', 9, 8),
(240, 0, '30-6-2024', 10, 8);
INSERT INTO ProstorStand (ProstorStandID, ImeProstora, CijenaProstora, Zauzeto, DvoranaID) VALUES
(1, 'A1', 100, 0, 1),
(2, 'A2', 100, 0, 1),
(3, 'A3', 100, 0, 1),
(4, 'A4', 100, 0, 1),
(5, 'A5', 100, 0, 1),
(6, 'A6', 100, 0, 1),
(7, 'A7', 100, 0, 1),
(8, 'A8', 100, 0, 1),
(9, 'A9', 100, 0, 1),
(10, 'A10', 100, 0, 1),
(11, 'A11', 100, 0, 1),
(12, 'A12', 100, 0, 1),
(13, 'A13', 100, 0, 1),
(14, 'A14', 100, 0, 1),
(15, 'A15', 100, 0, 1),
(16, 'A16', 100, 0, 1),
(17, 'A17', 100, 0, 1),
(18, 'A18', 100, 0, 1),
(19, 'A19', 100, 0, 1),
(20, 'A20', 100, 0, 1),
(21, 'B1', 100, 0, 1),
(22, 'B2', 100, 0, 1),
(23, 'B3', 100, 0, 1),
(24, 'B4', 100, 0, 1),
(25, 'B5', 100, 0, 1),
(26, 'B6', 100, 0, 1),
(27, 'B7', 100, 0, 1),
(28, 'B8', 100, 0, 1),
(29, 'B9', 100, 0, 1),
(30, 'B10', 100, 0, 1),
(31, 'B11', 100, 0, 1),
(32, 'B12', 100, 0, 1),
(33, 'B13', 100, 0, 1),
(34, 'B14', 100, 0, 1),
(35, 'B15', 100, 0, 1),
(36, 'B16', 100, 0, 1),
(37, 'B17', 100, 0, 1),
(38, 'B18', 100, 0, 1),
(39, 'B19', 100, 0, 1),
(40, 'B20', 100, 0, 1),
(41, 'C1', 100, 0, 1),
(42, 'C2', 100, 0, 1),
(43, 'C3', 100, 0, 1),
(44, 'C4', 100, 0, 1),
(45, 'C5', 100, 0, 1),
(46, 'C6', 100, 0, 1),
(47, 'C7', 100, 0, 1),
(48, 'C8', 100, 0, 1),
(49, 'C9', 100, 0, 1),
(50, 'C10', 100, 0, 1),
(51, 'C11', 100, 0, 1),
(52, 'C12', 100, 0, 1),
(53, 'C13', 100, 0, 1),
(54, 'C14', 100, 0, 1),
(55, 'C15', 100, 0, 1),
(56, 'C16', 100, 0, 1),
(57, 'C17', 100, 0, 1),
(58, 'C18', 100, 0, 1),
(59, 'C19', 100, 0, 1),
(60, 'C20', 100, 0, 1),
(61, 'D1', 100, 0, 1),
(62, 'D2', 100, 0, 1),
(63, 'D3', 100, 0, 1),
(64, 'D4', 100, 0, 1),
(65, 'D5', 100, 0, 1),
(66, 'D6', 100, 0, 1),
(67, 'D7', 100, 0, 1),
(68, 'D8', 100, 0, 1),
(69, 'D9', 100, 0, 1),
(70, 'D10', 100, 0, 1),
(71, 'D11', 100, 0, 1),
(72, 'D12', 100, 0, 1),
(73, 'D13', 100, 0, 1),
(74, 'D14', 100, 0, 1),
(75, 'D15', 100, 0, 1),
(76, 'D16', 100, 0, 1),
(77, 'D17', 100, 0, 1),
(78, 'D18', 100, 0, 1),
(79, 'D19', 100, 0, 1),
(80, 'D20', 100, 0, 1),
(81, 'A1', 100, 0, 2),
(82, 'A2', 100, 0, 2),
(83, 'A3', 100, 0, 2),
(84, 'A4', 100, 0, 2),
(85, 'A5', 100, 0, 2),
(86, 'A6', 100, 0, 2),
(87, 'A7', 100, 0, 2),
(88, 'A8', 100, 0, 2),
(89, 'A9', 100, 0, 2),
(90, 'A10', 100, 0, 2),
(91, 'A11', 100, 0, 2),
(92, 'A12', 100, 0, 2),
(93, 'A13', 100, 0, 2),
(94, 'A14', 100, 0, 2),
(95, 'A15', 100, 0, 2),
(96, 'A16', 100, 0, 2),
(97, 'A17', 100, 0, 2),
(98, 'A18', 100, 0, 2),
(99, 'A19', 100, 0, 2),
(100, 'A20', 100, 0, 2),
(101, 'B1', 100, 0, 2),
(102, 'B2', 100, 0, 2),
(103, 'B3', 100, 0, 2),
(104, 'B4', 100, 0, 2),
(105, 'B5', 100, 0, 2),
(106, 'B6', 100, 0, 2),
(107, 'B7', 100, 0, 2),
(108, 'B8', 100, 0, 2),
(109, 'B9', 100, 0, 2),
(110, 'B10', 100, 0, 2),
(111, 'B11', 100, 0, 2),
(112, 'B12', 100, 0, 2),
(113, 'B13', 100, 0, 2),
(114, 'B14', 100, 0, 2),
(115, 'B15', 100, 0, 2),
(116, 'B16', 100, 0, 2),
(117, 'B17', 100, 0, 2),
(118, 'B18', 100, 0, 2),
(119, 'B19', 100, 0, 2),
(120, 'B20', 100, 0, 2),
(121, 'C1', 100, 0, 2),
(122, 'C2', 100, 0, 2),
(123, 'C3', 100, 0, 2),
(124, 'C4', 100, 0, 2),
(125, 'C5', 100, 0, 2),
(126, 'C6', 100, 0, 2),
(127, 'C7', 100, 0, 2),
(128, 'C8', 100, 0, 2),
(129, 'C9', 100, 0, 2),
(130, 'C10', 100, 0, 2),
(131, 'C11', 100, 0, 2),
(132, 'C12', 100, 0, 2),
(133, 'C13', 100, 0, 2),
(134, 'C14', 100, 0, 2),
(135, 'C15', 100, 0, 2),
(136, 'C16', 100, 0, 2),
(137, 'C17', 100, 0, 2),
(138, 'C18', 100, 0, 2),
(139, 'C19', 100, 0, 2),
(140, 'C20', 100, 0, 2),
(141, 'D1', 100, 0, 2),
(142, 'D2', 100, 0, 2),
(143, 'D3', 100, 0, 2),
(144, 'D4', 100, 0, 2),
(145, 'D5', 100, 0, 2),
(146, 'D6', 100, 0, 2),
(147, 'D7', 100, 0, 2),
(148, 'D8', 100, 0, 2),
(149, 'D9', 100, 0, 2),
(150, 'D10', 100, 0, 2),
(151, 'D11', 100, 0, 2),
(152, 'D12', 100, 0, 2),
(153, 'D13', 100, 0, 2),
(154, 'D14', 100, 0, 2),
(155, 'D15', 100, 0, 2),
(156, 'D16', 100, 0, 2),
(157, 'D17', 100, 0, 2),
(158, 'D18', 100, 0, 2),
(159, 'D19', 100, 0, 2),
(160, 'D20', 100, 0, 2),
(161, '1', 1000, 0, 3),
(162, '2', 1000, 0, 3),
(163, '3', 1000, 0, 3),
(164, '4', 1000, 0, 3),
(165, '5', 1000, 0, 3),
(166, '6', 1000, 0, 3),
(167, '7', 1000, 0, 3),
(168, '8', 1000, 0, 3),
(169, '9', 1000, 0, 3),
(170, '10', 1000, 0, 3),
(171, '11', 1000, 0, 3),
(172, '12', 1000, 0, 3),
(173, 'A1', 750, 0, 4),
(174, 'A2', 750, 0, 4),
(175, 'A3', 750, 0, 4),
(176, 'A4', 750, 0, 4),
(177, 'A5', 750, 0, 4),
(178, 'A6', 750, 0, 4),
(179, 'A7', 750, 0, 4),
(180, 'A8', 750, 0, 4),
(181, 'A9', 750, 0, 4),
(182, 'A10', 750, 0, 4),
(183, 'B1', 750, 0, 4),
(184, 'B2', 750, 0, 4),
(185, 'B3', 750, 0, 4),
(186, 'B4', 750, 0, 4),
(187, 'B5', 750, 0, 4),
(188, 'B6', 750, 0, 4),
(189, 'B7', 750, 0, 4),
(190, 'B8', 750, 0, 4),
(191, 'B9', 750, 0, 4),
(192, 'B10', 750, 0, 4),
(193, 'C1', 750, 0, 4),
(194, 'C2', 750, 0, 4),
(195, 'C3', 750, 0, 4),
(196, 'C4', 750, 0, 4),
(197, 'C5', 750, 0, 4),
(198, 'C6', 750, 0, 4),
(199, 'C7', 750, 0, 4),
(200, 'C8', 750, 0, 4),
(201, 'C9', 750, 0, 4),
(202, 'C10', 750, 0, 4),
(203, 'D1', 750, 0, 4),
(204, 'D2', 750, 0, 4),
(205, 'D3', 750, 0, 4),
(206, 'D4', 750, 0, 4),
(207, 'D5', 750, 0, 4),
(208, 'D6', 750, 0, 4),
(209, 'D7', 750, 0, 4),
(210, 'D8', 750, 0, 4),
(211, 'D9', 750, 0, 4),
(212, 'D10', 750, 0, 4),
(213, 'A1', 900, 0, 6),
(214, 'A2', 900, 0, 6),
(215, 'A3', 900, 0, 6),
(216, 'A4', 900, 0, 6),
(217, 'A5', 900, 0, 6),
(218, 'A6', 900, 0, 6),
(219, 'A7', 900, 0, 6),
(220, 'A8', 900, 0, 6),
(221, 'A9', 900, 0, 6),
(222, 'A10', 900, 0, 6),
(223, 'B1', 900, 0, 6),
(224, 'B2', 900, 0, 6),
(225, 'B3', 900, 0, 6),
(226, 'B4', 900, 0, 6),
(227, 'B5', 900, 0, 6),
(228, 'B6', 900, 0, 6),
(229, 'B7', 900, 0, 6),
(230, 'B8', 900, 0, 6),
(231, 'B9', 900, 0, 6),
(232, 'B10', 900, 0, 6);
